{
  "--begin--": "该设备为随机生成，丢失后不能得到原先配置",
  "product": "ICQQ-08281",
  "device": "3F466",
  "board": "469E6",
  "brand": "723B",
  "model": "ICQQ 00BC",
  "wifi_ssid": "HUAWEI-7cfa1c7",
  "bootloader": "U-boot",
  "display": "IC.5342392.5949",
  "boot_id": "ff87729f-f8a1-2b8d-54a6-c371c4c25dc8",
  "proc_version": "Linux version 5.10.101-android10-1bc5b9aa",
  "mac_address": "02:00:00:00:00:00",
  "ip_address": "192.168.48.98",
  "android_id": "0f13f27452d2d290",
  "incremental": "9188569901",
  "--end--": "修改后可能需要重新验证设备。"
}