{
  "--begin--": "该设备为随机生成，丢失后不能得到原先配置",
  "product": "ICQQ-CEAC1",
  "device": "C1ECF",
  "board": "35375",
  "brand": "2C12",
  "model": "ICQQ FD8D",
  "wifi_ssid": "HUAWEI-ad1b73e",
  "bootloader": "U-boot",
  "display": "IC.6701401.1501",
  "boot_id": "e1cac05d-c057-1477-c06e-3aeeab996357",
  "proc_version": "Linux version 5.10.101-android10-17753108",
  "mac_address": "02:00:00:00:00:00",
  "ip_address": "192.168.30.21",
  "android_id": "3ca79bec35b2c84a",
  "incremental": "8084802404",
  "--end--": "修改后可能需要重新验证设备。"
}